lang,period,url,stars,description
all,daily,https://github.com/microsoft/semantic-kernel,"19,511",Integrate cutting-edge LLM technology quickly and easily into your apps
all,daily,https://github.com/Asabeneh/30-Days-Of-Python,"33,659","30 days of Python programming challenge is a step-by-step guide to learn the Python programming language in 30 days. This challenge may take more than100 days, follow your own pace. These videos may help too:https://www.youtube.com/channel/UC7PNRuno1rzYPb1xLa4yktw"
all,daily,https://github.com/ChrisTitusTech/winutil,"15,368","Chris Titus Tech's Windows Utility - Install Programs, Tweaks, Fixes, and Updates"
all,daily,https://github.com/cuixueshe/earthworm,"3,857",Learning English through the method of constructing sentences with conjunctions
all,daily,https://github.com/microsoft/generative-ai-for-beginners,"48,949","18 Lessons, Get Started Building with Generative AI ğŸ”—https://microsoft.github.io/generative-ai-for-beginners/"
all,daily,https://github.com/shadcn-ui/ui,"62,447",Beautifully designed components that you can copy and paste into your apps. Accessible. Customizable. Open Source.
all,daily,https://github.com/snipe/snipe-it,"10,201",A free open source IT asset/license management system
all,daily,https://github.com/BlackINT3/OpenArk,"8,031",The Next Generation of Anti-Rookit(ARK) tool for Windows.
all,daily,https://github.com/pointfreeco/swift-composable-architecture,"11,822","A library for building applications in a consistent and understandable way, with composition, testing, and ergonomics in mind."
all,daily,https://github.com/astral-sh/uv,"13,059","An extremely fast Python package installer and resolver, written in Rust."
all,daily,https://github.com/YimMenu/YimMenu,"1,157","YimMenu, a GTA V menu protecting against a wide ranges of the public crashes and improving the overall experience."
all,daily,https://github.com/modelscope/DiffSynth-Studio,"4,985",Enjoy the magic of Diffusion models!
all,daily,https://github.com/snakers4/silero-vad,"3,194",Silero VAD: pre-trained enterprise-grade Voice Activity Detector
all,daily,https://github.com/microsoft/sample-app-aoai-chatGPT,"1,375","Sample code for a simple web chat experience through Azure OpenAI, including Azure OpenAI On Your Data."
all,daily,https://github.com/VinciGit00/Scrapegraph-ai,"12,426",Python scraper based on AI
all,daily,https://github.com/ray-project/kuberay,925,A toolkit to run Ray applications on Kubernetes
all,daily,https://github.com/harry0703/MoneyPrinterTurbo,"14,190",åˆ©ç”¨AIå¤§æ¨¡å‹ï¼Œä¸€é”®ç”Ÿæˆé«˜æ¸…çŸ­è§†é¢‘ Generate short videos with one click using AI LLM.
all,daily,https://github.com/nlohmann/json,"41,164",JSON for Modern C++
all,daily,https://github.com/goatcorp/FFXIVQuickLauncher,"2,596",Custom launcher for FFXIV
all,weekly,https://github.com/Doriandarko/maestro,"3,298",A framework for Claude Opus to intelligently orchestrate subagents.
all,weekly,https://github.com/sxyazi/yazi,"11,195","ğŸ’¥ Blazing fast terminal file manager written in Rust, based on async I/O."
all,weekly,https://github.com/danny-avila/LibreChat,"15,014","Enhanced ChatGPT Clone: Features OpenAI, Assistants API, Azure, Groq, GPT-4 Vision, Mistral, Bing, Anthropic, OpenRouter, Vertex AI, Gemini, AI model switching, message search, langchain, DALL-E-3, ChatGPT Plugins, OpenAI Functions, Secure Multi-User System, Presets, completely open-source for self-hosting. More features in development"
all,weekly,https://github.com/EbookFoundation/free-programming-books,"325,289",ğŸ“š Freely available programming books
all,weekly,https://github.com/tencentmusic/supersonic,"1,424",SuperSonic is the next-generation BI platform that integrates Chat BI (powered by LLM) and Headless BI (powered by semantic layer) paradigms.
all,weekly,https://github.com/swisskyrepo/PayloadsAllTheThings,"58,074",A list of useful payloads and bypass for Web Application Security and Pentest/CTF
all,weekly,https://github.com/Lissy93/web-check,"20,554",ğŸ•µï¸â€â™‚ï¸ All-in-one OSINT tool for analysing any website
all,weekly,https://github.com/anthropics/anthropic-sdk-python,"1,077",
all,weekly,https://github.com/ente-io/ente,"11,087","Fully open source, End to End Encrypted alternative to Google Photos and Apple Photos"
all,weekly,https://github.com/files-community/Files,"32,822",Building the best file manager for Windows
all,weekly,https://github.com/LLaVA-VL/LLaVA-NeXT,965,
all,weekly,https://github.com/niedev/RTranslator,"4,586",Open source real-time translation app for Android that runs locally
all,weekly,https://github.com/donnemartin/system-design-primer,"262,357",Learn how to design large-scale systems. Prep for the system design interview. Includes Anki flashcards.
all,weekly,https://github.com/mehdihadeli/awesome-software-architecture,"6,380","ğŸš€ A curated list of awesome articles, videos, and other resources to learn and practice software architecture, patterns, and principles."
all,monthly,https://github.com/danielmiessler/fabric,"17,695",fabric is an open-source framework for augmenting humans using AI. It provides a modular framework for solving specific problems using a crowdsourced set of AI prompts that can be used anywhere.
all,monthly,https://github.com/codecrafters-io/build-your-own-x,"280,162",Master programming by recreating your favorite technologies from scratch.
all,monthly,https://github.com/coollabsio/coolify,"25,821",An open-source & self-hostable Heroku / Netlify / Vercel alternative.
all,monthly,https://github.com/comfyanonymous/ComfyUI,"40,500","The most powerful and modular stable diffusion GUI, api and backend with a graph/nodes interface."
all,monthly,https://github.com/VikParuchuri/marker,"13,573",Convert PDF to markdown quickly with high accuracy
all,monthly,https://github.com/duckdb/duckdb,"20,384",DuckDB is an analytical in-process SQL database management system
all,monthly,https://github.com/xenova/transformers.js,"9,815","State-of-the-art Machine Learning for the web. Run ğŸ¤— Transformers directly in your browser, with no need for a server!"
all,monthly,https://github.com/Stability-AI/StableSwarmUI,"4,022","StableSwarmUI, A Modular Stable Diffusion Web-User-Interface, with an emphasis on making powertools easily accessible, high performance, and extensibility."
all,monthly,https://github.com/k2-fsa/sherpa-onnx,"2,197","Speech-to-text, text-to-speech, and speaker recognition using next-gen Kaldi with onnxruntime without Internet connection. Support embedded systems, Android, iOS, Raspberry Pi, RISC-V, x86_64 servers, websocket server/client, C/C++, Python, Kotlin, C#, Go, NodeJS, Java, Swift, Dart, JavaScript, Flutter"
all,monthly,https://github.com/LazyVim/LazyVim,"15,229",Neovim config for the lazy
all,monthly,https://github.com/hpcaitech/Open-Sora,"19,885",Open-Sora: Democratizing Efficient Video Production for All
all,monthly,https://github.com/jianchang512/pyvideotrans,"7,575",Translate the video from one language to another and add dubbing. å°†è§†é¢‘ä»ä¸€ç§è¯­è¨€ç¿»è¯‘ä¸ºå¦ä¸€ç§è¯­è¨€ï¼Œå¹¶æ·»åŠ é…éŸ³
all,monthly,https://github.com/OpenBMB/MiniCPM-V,"7,694",MiniCPM-Llama3-V 2.5: A GPT-4V Level Multimodal LLM on Your Phone
all,monthly,https://github.com/JanDeDobbeleer/oh-my-posh,"15,683",The most customisable and low-latency cross platform/shell prompt renderer
python,daily,https://github.com/NVIDIA/NeMo,"10,789","A scalable generative AI framework built for researchers and developers working on Large Language Models, Multimodal, and Speech AI (Automatic Speech Recognition and Text-to-Speech)"
python,daily,https://github.com/yzhao062/pyod,"8,219",A Comprehensive and Scalable Python Library for Outlier Detection (Anomaly Detection)
python,daily,https://github.com/ShishirPatil/gorilla,"10,626",Gorilla: An API store for LLMs
python,daily,https://github.com/modelscope/FunASR,"4,437","A Fundamental End-to-End Speech Recognition Toolkit and Open Source SOTA Pretrained Models, Supporting Speech Recognition, Voice Activity Detection, Text Post-processing etc."
python,daily,https://github.com/NUS-HPC-AI-Lab/OpenDiT,"1,197","OpenDiT: An Easy, Fast and Memory-Efficient System for DiT Training and Inference"
python,weekly,https://github.com/searxng/searxng,"10,540",SearXNG is a free internet metasearch engine which aggregates results from various search services and databases. Users are neither tracked nor profiled.
python,weekly,https://github.com/infiniflow/ragflow,"10,481",RAGFlow is an open-source RAG (Retrieval-Augmented Generation) engine based on deep document understanding.
python,weekly,https://github.com/KurtBestor/Hitomi-Downloader,"20,834","ğŸ° Desktop utility to download images/videos/music/text from various websites, and more."
python,weekly,https://github.com/microsoft/UFO,"6,183",A UI-Focused Agent for Windows OS Interaction.
python,weekly,https://github.com/simonw/llm,"3,415",Access large language models from the command-line
python,monthly,https://github.com/vanna-ai/vanna,"8,961",ğŸ¤– Chat with your SQL database ğŸ“Š. Accurate Text-to-SQL Generation via LLMs using RAG ğŸ”„.
python,monthly,https://github.com/roboflow/supervision,"17,039",We write your reusable computer vision tools. ğŸ’œ
python,monthly,https://github.com/labmlai/annotated_deep_learning_paper_implementations,"51,016","ğŸ§‘â€ğŸ« 60 Implementations/tutorials of deep learning papers with side-by-side notes ğŸ“; including transformers (original, xl, switch, feedback, vit, ...), optimizers (adam, adabelief, sophia, ...), gans(cyclegan, stylegan2, ...), ğŸ® reinforcement learning (ppo, dqn), capsnet, distillation, ... ğŸ§ "
python,monthly,https://github.com/jackfrued/Python-100-Days,"152,140",Python - 100å¤©ä»æ–°æ‰‹åˆ°å¤§å¸ˆ
python,monthly,https://github.com/Stability-AI/stable-audio-tools,"2,218",Generative models for conditional audio generation
python,monthly,https://github.com/isaac-sim/IsaacLab,"1,477",Unified framework for robot learning built on NVIDIA Isaac Sim
python,monthly,https://github.com/home-assistant/core,"69,659",ğŸ¡ Open source home automation that puts local control and privacy first.
python,monthly,https://github.com/paul-gauthier/aider,"12,465",aider is AI pair programming in your terminal
C,daily,https://github.com/redcanaryco/atomic-red-team,"9,317",Small and highly portable detection tests based on MITRE's ATT&CK.
C,daily,https://github.com/wazuh/wazuh,"9,599",Wazuh - The Open Source Security Platform. Unified XDR and SIEM protection for endpoints and cloud workloads.
C,daily,https://github.com/nanopb/nanopb,"4,157",Protocol Buffers with small code size
C,daily,https://github.com/HandBrake/HandBrake,"16,296",HandBrake's main development repository
C,daily,https://github.com/valkey-io/valkey,"14,507","A new project to resume development on the formerly open-source Redis project. We're calling it Valkey, since it's a twist on the key-value datastore."
C,daily,https://github.com/ffmpegwasm/ffmpeg.wasm,"13,419","FFmpeg for browser, powered by WebAssembly"
C,daily,https://github.com/aircrack-ng/aircrack-ng,"4,977",WiFi security auditing tools suite
C,daily,https://github.com/sonic-net/sonic-buildimage,696,Scripts which perform an installable binary image build for SONiC
C,daily,https://github.com/fluent/fluent-bit,"5,510","Fast and Lightweight Logs and Metrics processor for Linux, BSD, OSX and Windows"
C,daily,https://github.com/openssl/openssl,"24,840",TLS/SSL and crypto library
C,daily,https://github.com/arthenica/ffmpeg-kit,"3,970","FFmpeg Kit for applications. Supports Android, Flutter, iOS, Linux, macOS, React Native and tvOS. Supersedes MobileFFmpeg, flutter_ffmpeg and react-native-ffmpeg."
C,daily,https://github.com/jqlang/jq,"29,510",Command-line JSON processor
C,daily,https://github.com/OISF/suricata,"4,235","Suricata is a network Intrusion Detection System, Intrusion Prevention System and Network Security Monitoring engine developed by the OISF and the Suricata community."
C,daily,https://github.com/EpicGamesExt/raddebugger,"3,068","A native, user-mode, multi-process, graphical debugger."
C,daily,https://github.com/brunodev85/winlator,"6,561",Android application for running Windows applications with Wine and Box86/Box64
C,daily,https://github.com/apache/nuttx,"2,479","Apache NuttX is a mature, real-time embedded operating system (RTOS)"
C,daily,https://github.com/zephyrproject-rtos/zephyr,"9,984","Primary Git Repository for the Zephyr Project. Zephyr is a new generation, scalable, optimized, secure RTOS for multiple hardware architectures."
C,daily,https://github.com/confluentinc/librdkafka,"7,365",The Apache Kafka C/C++ library
C,daily,https://github.com/microsoft/mimalloc,"9,712",mimalloc is a compact general purpose allocator with excellent performance.
C,daily,https://github.com/lz4/lz4,"9,402",Extremely Fast Compression algorithm
C,weekly,https://github.com/valinet/ExplorerPatcher,"22,633",This project aims to enhance the working environment on Windows
C,weekly,https://github.com/jart/cosmopolitan,"17,139",build-once run-anywhere c library
C,weekly,https://github.com/espressif/esp-idf,"12,863",Espressif IoT Development Framework. Official development framework for Espressif SoCs.
C,weekly,https://github.com/kingToolbox/WindTerm,"21,421",A professional cross-platform SSH/Sftp/Shell/Telnet/Serial terminal.
C,weekly,https://github.com/Genymobile/scrcpy,"105,019",Display and control your Android device
C,weekly,https://github.com/darktable-org/darktable,"9,050",darktable is an open source photography workflow application and raw developer
C,weekly,https://github.com/systemd/systemd,"12,791",The systemd System and Service Manager
C,weekly,https://github.com/mpv-player/mpv,"26,648",ğŸ¥ Command line video player
C,weekly,https://github.com/Bodmer/TFT_eSPI,"3,510","Arduino and PlatformIO IDE compatible TFT library optimised for the Raspberry Pi Pico (RP2040), STM32, ESP8266 and ESP32 that supports different driver chips"
C,weekly,https://github.com/iovisor/bcc,"19,810","BCC - Tools for BPF-based Linux IO analysis, networking, monitoring, and more"
C,weekly,https://github.com/MrForExample/ComfyUI-3D-Pack,"1,701","An extensive node suite that enables ComfyUI to process 3D inputs (Mesh & UV Texture, etc) using cutting edge algorithms (3DGS, NeRF, etc.)"
C,weekly,https://github.com/bytecodealliance/wasm-micro-runtime,"4,648",WebAssembly Micro Runtime (WAMR)
C,weekly,https://github.com/signalwire/freeswitch,"3,303","FreeSWITCH is a Software Defined Telecom Stack enabling the digital transformation from proprietary telecom switches to a versatile software implementation that runs on any commodity hardware. From a Raspberry PI to a multi-core server, FreeSWITCH can unlock the telecommunications potential of any device."
C,weekly,https://github.com/nginx/njs,826,A subset of JavaScript language to use in nginx
C,weekly,https://github.com/pgbackrest/pgbackrest,"2,316",Reliable PostgreSQL Backup & Restore
C,weekly,https://github.com/yugabyte/yugabyte-db,"8,630",YugabyteDB - the cloud native distributed SQL database for mission-critical applications.
C,monthly,https://github.com/ventoy/Ventoy,"60,170",A new bootable USB solution.
C,monthly,https://github.com/netdata/netdata,"69,362",The open-source observability platform everyone needs!
C,monthly,https://github.com/flipperdevices/flipperzero-firmware,"11,694",Flipper Zero firmware source code
C,monthly,https://github.com/tursodatabase/libsql,"8,544","libSQL is a fork of SQLite that is both Open Source, and Open Contributions."
C,monthly,https://github.com/coolsnowwolf/lede,"29,116",Lean's LEDE source
C,monthly,https://github.com/obsproject/obs-studio,"57,118",OBS Studio - Free and open source software for live streaming and screen recording
C,monthly,https://github.com/ArtifexSoftware/mupdf,"1,205",mupdf mirror
C,monthly,https://github.com/moonlight-stream/moonlight-android,"3,481",GameStream client for Android
C,monthly,https://github.com/SanderMertens/flecs,"5,803",A fast entity component system (ECS) for C & C++
C,monthly,https://github.com/acidanthera/OpenCorePkg,"12,987",OpenCore bootloader
C++,daily,https://github.com/ml-explore/mlx,"15,600",MLX: An array framework for Apple silicon
C++,daily,https://github.com/bitcoin/bitcoin,"77,011",Bitcoin Core integration/staging tree
C++,daily,https://github.com/taskflow/taskflow,"9,724",A General-purpose Task-parallel Programming System using Modern C++
C++,daily,https://github.com/zhuzichu520/FluentUI,"3,096",FluentUI for QML
C++,daily,https://github.com/google/gemma.cpp,"5,705","lightweight, standalone C++ inference engine for Google's Gemma models."
C++,daily,https://github.com/electron/electron,"112,651","Build cross-platform desktop apps with JavaScript, HTML, and CSS"
C++,daily,https://github.com/facebookincubator/velox,"3,267",A C++ vectorized database acceleration library aimed to optimizing query engines and data processing systems.
C++,daily,https://github.com/rapidsai/cudf,"7,981",cuDF - GPU DataFrame Library
C++,daily,https://github.com/strato-emu/strato,"1,968",Run Nintendo Switch homebrew & games on your Android device!
C++,daily,https://github.com/wolfpld/tracy,"8,165",Frame profiler
C++,daily,https://github.com/google/googletest,"33,646",GoogleTest - Google Testing and Mocking Framework
C++,daily,https://github.com/libcpr/cpr,"6,285","C++ Requests: Curl for People, a spiritual port of Python Requests."
C++,daily,https://github.com/gabime/spdlog,"22,907",Fast C++ logging library.
C++,daily,https://github.com/cocos/cocos-engine,"5,486","Cocos simplifies game creation and distribution with Cocos Creator, a free, open-source, cross-platform game engine. Empowering millions of developers to create high-performance, engaging 2D/3D games and instant web entertainment."
C++,daily,https://github.com/microsoft/onnxruntime,"13,403","ONNX Runtime: cross-platform, high performance ML inferencing and training accelerator"
C++,daily,https://github.com/facebook/rocksdb,"27,803","A library that provides an embeddable, persistent key-value store for fast storage."
C++,daily,https://github.com/Mozilla-Ocho/llamafile,"16,715",Distribute and run LLMs with a single file.
C++,daily,https://github.com/espressif/arduino-esp32,"12,943",Arduino core for the ESP32
C++,daily,https://github.com/microsoft/onnxruntime-genai,287,Generative AI extensions for onnxruntime
C++,daily,https://github.com/IntelRealSense/librealsense,"7,424",IntelÂ® RealSenseâ„¢ SDK
C++,daily,https://github.com/openxla/xla,"2,382","A machine learning compiler for GPUs, CPUs, and ML accelerators"
C++,weekly,https://github.com/google/flatbuffers,"22,499",FlatBuffers: Memory Efficient Serialization Library
C++,weekly,https://github.com/azerothcore/azerothcore-wotlk,"6,111",Complete Open Source and Modular solution for MMO
C++,weekly,https://github.com/ton-blockchain/ton,"2,580",Main TON monorepo
C++,weekly,https://github.com/facebook/react-native,"116,861",A framework for building native applications using React
C++,weekly,https://github.com/PCSX2/pcsx2,"10,603",PCSX2 - The Playstation 2 Emulator
C++,weekly,https://github.com/prusa3d/PrusaSlicer,"7,489","G-code generator for 3D printers (RepRap, Makerbot, Ultimaker etc.)"
C++,weekly,https://github.com/harfbuzz/harfbuzz,"3,798",HarfBuzz text shaping engine
C++,weekly,https://github.com/zeek/zeek,"6,182",Zeek is a powerful network analysis framework that is much different from the typical IDS you may know.
C++,weekly,https://github.com/assimp/assimp,"10,468",The official Open-Asset-Importer-Library Repository. Loads 40+ 3D-file-formats into one unified and clean data structure.
C++,weekly,https://github.com/catchorg/Catch2,"18,214","A modern, C++-native, test framework for unit-tests, TDD and BDD - using C++14, C++17 and later (C++11 support is in v2.x branch, and C++03 on the Catch1.x branch)"
C++,weekly,https://github.com/facebook/yoga,"17,051",Yoga is an embeddable layout engine targeting web standards.
C++,weekly,https://github.com/ExpressLRS/ExpressLRS,"3,377",STM32/ESP32/ESP8285-based High-Performance Radio Link for RC applications
C++,monthly,https://github.com/swiftlang/swift,"66,656",The Swift Programming Language
C++,monthly,https://github.com/LizardByte/Sunshine,"15,089",Self-hosted game stream host for Moonlight.
C++,monthly,https://github.com/drogonframework/drogon,"11,037",Drogon: A C++14/17/20 based HTTP web application framework running on Linux/macOS/Unix/Windows
C++,monthly,https://github.com/SoftFever/OrcaSlicer,"5,888","G-code generator for 3D printers (Bambu, Prusa, Voron, VzBot, RatRig, Creality, etc.)"
C++,monthly,https://github.com/NVIDIA/TensorRT,"10,126",NVIDIAÂ® TensorRTâ„¢ is an SDK for high-performance deep learning inference on NVIDIA GPUs. This repository contains the open source components of TensorRT.
C++,monthly,https://github.com/chiteroman/PlayIntegrityFix,"3,887",Fix Play Integrity (and SafetyNet) verdicts.
C++,monthly,https://github.com/FreeCAD/FreeCAD,"18,199","This is the official source code of FreeCAD, a free and opensource multiplatform 3D parametric modeler."
C++,monthly,https://github.com/tesseract-ocr/tesseract,"59,394",Tesseract Open Source OCR Engine (main repository)
C++,monthly,https://github.com/PixarAnimationStudios/OpenUSD,"5,547",Universal Scene Description
C++,monthly,https://github.com/geode-sdk/geode,635,The ultimate Geometry Dash modding framework
C++,monthly,https://github.com/openvinotoolkit/openvino,"6,291",OpenVINOâ„¢ is an open-source toolkit for optimizing and deploying AI inference
C++,monthly,https://github.com/ArthurSonzogni/FTXUI,"6,409",ğŸ’» C++ Functional Terminal User Interface. â¤ï¸
C++,monthly,https://github.com/topjohnwu/Magisk,"45,382",The Magic Mask for Android
C++,monthly,https://github.com/idaholab/moose,"1,649",Multiphysics Object Oriented Simulation Environment
C++,monthly,https://github.com/ossrs/srs,"24,704","SRS is a simple, high-efficiency, real-time video server supporting RTMP, WebRTC, HLS, HTTP-FLV, SRT, MPEG-DASH, and GB28181."
C++,monthly,https://github.com/OSGeo/gdal,"4,627",GDAL is an open source MIT licensed translator library for raster and vector geospatial data formats.
C++,monthly,https://github.com/MAZHARMIK/Interview_DS_Algo,"1,299",Super Repository for Coding Interview Preperation
Rust,daily,https://github.com/AleoNet/snarkOS,"3,996",A Decentralized Operating System for ZK Applications
Rust,daily,https://github.com/apache/datafusion,"5,470",Apache DataFusion SQL Query Engine
Rust,daily,https://github.com/stacks-network/stacks-core,"2,999",The Stacks blockchain implementation
Rust,daily,https://github.com/pola-rs/polars,"27,518","Dataframes powered by a multithreaded, vectorized query engine, written in Rust"
Rust,daily,https://github.com/orhun/git-cliff,"8,127",A highly customizable Changelog Generator that follows Conventional Commit specifications â›°ï¸
Rust,daily,https://github.com/paradigmxyz/reth,"3,473","Modular, contributor-friendly and blazing-fast implementation of the Ethereum protocol, in Rust"
Rust,daily,https://github.com/paritytech/polkadot-sdk,"1,617",The Parity Polkadot Blockchain SDK
Rust,daily,https://github.com/emilk/egui,"20,612",egui: an easy-to-use immediate mode GUI in Rust that runs on both web and native
Rust,daily,https://github.com/rust-lang/book,"14,543",The Rust Programming Language
Rust,daily,https://github.com/openobserve/openobserve,"10,190","ğŸš€ 10x easier, ğŸš€ 140x lower storage cost, ğŸš€ high performance, ğŸš€ petabyte scale - Elasticsearch/Splunk/Datadog alternative for ğŸš€ (logs, metrics, traces, RUM, Error tracking, Session replay)."
Rust,daily,https://github.com/huggingface/candle,"14,215",Minimalist ML framework for Rust
Rust,daily,https://github.com/lapce/lapce,"33,548",Lightning-fast and Powerful Code Editor written in Rust
Rust,daily,https://github.com/HigherOrderCO/Bend,"16,620","A massively parallel, high-level programming language"
Rust,daily,https://github.com/tracel-ai/burn,"7,656","Burn is a new comprehensive dynamic Deep Learning Framework built using Rust with extreme flexibility, compute efficiency and portability as its primary goals."
Rust,daily,https://github.com/embassy-rs/embassy,"4,777","Modern embedded framework, using Rust and async."
Rust,daily,https://github.com/juspay/hyperswitch,"11,009","An open source payments switch written in Rust to make payments fast, reliable and affordable"
Rust,daily,https://github.com/libp2p/rust-libp2p,"4,278",The Rust Implementation of the libp2p networking stack.
Rust,daily,https://github.com/tokio-rs/tokio,"25,329","A runtime for writing reliable asynchronous applications with Rust. Provides I/O, networking, scheduling, timers, ..."
Rust,daily,https://github.com/launchbadge/sqlx,"12,326","ğŸ§° The Rust SQL Toolkit. An async, pure Rust SQL crate featuring compile-time checked queries without a DSL. Supports PostgreSQL, MySQL, and SQLite."
Rust,daily,https://github.com/Byron/gitoxide,"8,380","An idiomatic, lean, fast & safe pure Rust implementation of Git"
Rust,daily,https://github.com/YaLTeR/niri,"2,568",A scrollable-tiling Wayland compositor.
Rust,daily,https://github.com/volta-cli/volta,"10,271",Volta: JS Toolchains as Code. âš¡
Rust,weekly,https://github.com/uutils/coreutils,"17,215",Cross-platform Rust rewrite of the GNU coreutils
Rust,weekly,https://github.com/rustdesk/rustdesk,"67,712","An open-source remote desktop application designed for self-hosting, as an alternative to TeamViewer."
Rust,weekly,https://github.com/meilisearch/meilisearch,"44,844","A lightning-fast search API that fits effortlessly into your apps, websites, and workflow"
Rust,weekly,https://github.com/rolldown/rolldown,"7,159",Fast Rust bundler for JavaScript with Rollup-compatible API.
Rust,weekly,https://github.com/TheAlgorithms/Rust,"21,480",All Algorithms implemented in Rust
Rust,weekly,https://github.com/web-infra-dev/rspack,"7,763",The fast Rust-based web bundler with webpack-compatible API ğŸ¦€ï¸
Rust,weekly,https://github.com/erebe/wstunnel,"3,663",Tunnel all your traffic over Websocket or HTTP2 - Bypass firewalls/DPI - Static binary available
Rust,weekly,https://github.com/getzola/zola,"12,940",A fast static site generator in a single binary with everything built-in.https://www.getzola.org
Rust,weekly,https://github.com/rustls/rustls,"5,689",A modern TLS library in Rust
Rust,weekly,https://github.com/rust-windowing/winit,"4,546",Window handling library in pure Rust
Rust,weekly,https://github.com/bevyengine/bevy,"33,415",A refreshingly simple data-driven game engine built in Rust
Rust,weekly,https://github.com/huggingface/text-embeddings-inference,"2,234",A blazing fast inference solution for text embeddings models
Rust,weekly,https://github.com/cloud-hypervisor/cloud-hypervisor,"3,725","A Virtual Machine Monitor for modern Cloud workloads. Features include CPU, memory and device hotplug, support for running Windows and Linux guests, device offload with vhost-user and a minimal compact footprint. Written in Rust with a strong focus on security."
Rust,weekly,https://github.com/chroma-core/chroma,"13,360",the AI-native open-source embedding database
Rust,weekly,https://github.com/ratatui-org/ratatui,"8,723",Rust library that's all about cooking up terminal user interfaces (TUIs) ğŸ‘¨â€ğŸ³ğŸ€
Rust,weekly,https://github.com/influxdata/influxdb,"28,159","Scalable datastore for metrics, events, and real-time analytics"
Rust,monthly,https://github.com/tw93/Pake,"24,620",ğŸ¤±ğŸ» Turn any webpage into a desktop app with Rust. ğŸ¤±ğŸ» åˆ©ç”¨ Rust è½»æ¾æ„å»ºè½»é‡çº§å¤šç«¯æ¡Œé¢åº”ç”¨
Rust,monthly,https://github.com/EricLBuehler/mistral.rs,"2,772",Blazingly fast LLM inference.
Rust,monthly,https://github.com/zed-industries/zed,"39,098","Code at the speed of thought â€“ Zed is a high-performance, multiplayer code editor from the creators of Atom and Tree-sitter."
Rust,monthly,https://github.com/astral-sh/ruff,"28,489","An extremely fast Python linter and code formatter, written in Rust."
Rust,monthly,https://github.com/alacritty/alacritty,"54,415","A cross-platform, OpenGL terminal emulator."
Rust,monthly,https://github.com/rapiz1/rathole,"8,798","A lightweight and high-performance reverse proxy for NAT traversal, written in Rust. An alternative to frp and ngrok."
Rust,monthly,https://github.com/swc-project/swc,"30,408",Rust-based platform for the Web
Rust,monthly,https://github.com/rust-lang/rust,"94,657",Empowering everyone to build reliable and efficient software.
Rust,monthly,https://github.com/cube-js/cube,"17,470",ğŸ“Š Cube â€” The Semantic Layer for Building Data Applications
Rust,monthly,https://github.com/Schniz/fnm,"16,356","ğŸš€ Fast and simple Node.js version manager, built in Rust"
Rust,monthly,https://github.com/quickwit-oss/quickwit,"6,962","Cloud-native search engine for observability. An open-source alternative to Datadog, Elasticsearch, Loki, and Tempo."
Rust,monthly,https://github.com/bottlerocket-os/bottlerocket,"8,387",An operating system designed for hosting containers
Rust,monthly,https://github.com/alvr-org/ALVR,"4,991",Stream VR games from your PC to your headset via Wi-Fi
Rust,monthly,https://github.com/foundry-rs/foundry,"7,850","Foundry is a blazing fast, portable and modular toolkit for Ethereum application development written in Rust."
Rust,monthly,https://github.com/dani-garcia/vaultwarden,"34,578","Unofficial Bitwarden compatible server written in Rust, formerly known as bitwarden_rs"
dart,daily,https://github.com/flutter/flutter,"163,019",Flutter makes it easy and fast to build beautiful apps for mobile and beyond
dart,daily,https://github.com/imaNNeo/fl_chart,"6,569","FL Chart is a highly customizable Flutter chart library that supports Line Chart, Bar Chart, Pie Chart, Scatter Chart, and Radar Chart."
dart,daily,https://github.com/shorebirdtech/shorebird,"2,062",Code Push for Flutter and other tools for Flutter businesses.
dart,daily,https://github.com/flutter/packages,"4,117",A collection of useful packages maintained by the Flutter team
dart,daily,https://github.com/hiddify/hiddify-next,"12,535","Multi-platform auto-proxy client, supporting Sing-box, X-ray, TUIC, Hysteria, Reality, Trojan, SSH etc. Itâ€™s an open-source, secure and ad-free."
dart,daily,https://github.com/media-kit/media-kit,961,A cross-platform video player & audio player for Flutter & Dart.
dart,daily,https://github.com/Anxcye/anx-reader,"1,051",An e-book reader written using Flutter. ä½¿ç”¨Flutterç¼–å†™çš„ç”µå­ä¹¦é˜…è¯»å™¨
dart,daily,https://github.com/mitesh77/Best-Flutter-UI-Templates,"19,904",completely free for everyone. Its build-in Flutter Dart.
dart,daily,https://github.com/Solido/awesome-flutter,"52,055","An awesome list that curates the best Flutter libraries, tools, tutorials, articles and more."
dart,daily,https://github.com/rrousselGit/riverpod,"5,941",A reactive caching and data-binding framework. Riverpod makes working with asynchronous code a breeze.
dart,daily,https://github.com/academind/flutter-complete-guide-course-resources,"1,670",Course resources (code snapshots & slides) for our complete Flutter & Dart course (https://acad.link/flutter).
dart,daily,https://github.com/aws-amplify/amplify-flutter,"1,298",A declarative library with an easy-to-use interface for building Flutter applications on AWS.
dart,daily,https://github.com/dart-lang/site-www,935,Source for Dart website
dart,daily,https://github.com/guozhigq/pilipala,"4,847",PiliPala æ˜¯ä½¿ç”¨Flutterå¼€å‘çš„BiliBiliç¬¬ä¸‰æ–¹å®¢æˆ·ç«¯ï¼Œæ„Ÿè°¢ä½¿ç”¨ã€‚
dart,daily,https://github.com/MaikuB/flutter_local_notifications,"2,409","A Flutter plugin for displaying local notifications on Android, iOS, macOS and Linux"
dart,daily,https://github.com/flame-engine/flame,"8,962",A Flutter based game engine.
dart,daily,https://github.com/material-foundation/material-color-utilities,"1,566",Color libraries for Material You
dart,daily,https://github.com/felangel/bloc,"11,523",A predictable state management library that helps implement the BLoC design pattern
dart,weekly,https://github.com/wanghongenpin/network_proxy_flutter,"5,546","Open source free capture HTTP(S) traffic software ProxyPin, supporting full platform systems"
dart,weekly,https://github.com/fzyzcjy/flutter_rust_bridge,"3,726","Flutter/Dart <-> Rust binding generator, feature-rich, but seamless and simple."
dart,weekly,https://github.com/h4h13/Paisa,"1,441",Expense manager for Android with Material Design
dart,weekly,https://github.com/localsend/localsend,"37,619",An open-source cross-platform alternative to AirDrop
dart,weekly,https://github.com/anandnet/Harmony-Music,560,A cross platform App for streaming Music
dart,weekly,https://github.com/xiaoyaocz/dart_simple_live,"5,048",ç®€ç®€å•å•çš„çœ‹ç›´æ’­
dart,weekly,https://github.com/GopeedLab/gopeed,"14,664",A modern download manager that supports all platforms. Built with Golang and Flutter.
dart,weekly,https://github.com/ImranR98/Obtainium,"5,789",Get Android app updates straight from the source.
dart,weekly,https://github.com/AppFlowy-IO/AppFlowy,"50,198","Bring projects, wikis, and teams together with AI. AppFlowy is an AI collaborative workspace where you achieve more without losing control of your data. The best open source alternative to Notion."
dart,weekly,https://github.com/dart-lang/sdk,"9,931","The Dart SDK, including the VM, dart2js, core libraries, and more."
dart,weekly,https://github.com/flutter/website,"2,742",Flutter documentation web site
dart,weekly,https://github.com/deckerst/aves,"2,152","Aves is a gallery and metadata explorer app, built for Android with Flutter."
dart,weekly,https://github.com/singerdmx/flutter-quill,"2,424",Rich text editor for Flutter
dart,monthly,https://github.com/KRTirtho/spotube,"26,312",ğŸ§ Open source Spotify client that doesn't require Premium nor uses Electron! Available for both desktop & mobile!
dart,monthly,https://github.com/flyerhq/flutter_chat_ui,"1,501","Actively maintained, community-driven chat UI implementation with an optional Firebase BaaS."
dart,monthly,https://github.com/miru-project/miru-app,"3,223","ğŸ‰ A versatile application that is free, open-source, and supports extension sources for videos, comics, and novels, available on Android, Windows, and Web platforms."
dart,monthly,https://github.com/abuanwar072/E-commerce-Complete-Flutter-UI,"3,834",
dart,monthly,https://github.com/lichess-org/mobile,"1,095",Lichess mobile app v2
dart,monthly,https://github.com/cfug/dio,"12,339","A powerful HTTP client for Dart and Flutter, which supports global settings, Interceptors, FormData, aborting and canceling a request, files uploading and downloading, requests timeout, custom adapters, etc."
dart,monthly,https://github.com/flutter-stripe/flutter_stripe,911,Flutter SDK for Stripe.
dart,monthly,https://github.com/gokadzev/Musify,"1,740",Unlock the full potential of music: Stream effortlessly with one app!
dart,monthly,https://github.com/TheLastGimbus/GooglePhotosTakeoutHelper,"3,445",Script that organizes the Google Takeout archive into one big chronological folder
dart,monthly,https://github.com/xiaoyaocz/flutter_dmzj,"1,892",åŠ¨æ¼«ä¹‹å®¶ç¬¬ä¸‰æ–¹Flutterå®¢æˆ·ç«¯
dart,monthly,https://github.com/kodjodevf/mangayomi,"1,174","Free and open source application for reading manga and watching anime available on Android, iOS, macOS, Linux and Windows"
dart,monthly,https://github.com/syncfusion/flutter-widgets,"1,472","Syncfusion Flutter widgets libraries include high quality UI widgets and file-format packages to help you create rich, high-quality applications for iOS, Android, and web from a single code base."
C#,daily,https://github.com/dotnet/maui,"21,815",".NET MAUI is the .NET Multi-platform App UI, a framework for building native device applications spanning mobile, tablet, and desktop."
C#,daily,https://github.com/codebude/QRCoder,"4,401",A pure C# Open Source QR Code implementation
C#,daily,https://github.com/QuestPDF/QuestPDF,"11,076","QuestPDF is a modern open-source .NET library for PDF document generation. Offering comprehensive layout engine powered by concise and discoverable C# Fluent API. Easily generate PDF reports, invoices, exports, etc."
C#,daily,https://github.com/microsoft/fluentui-blazor,"3,457",Microsoft Fluent UI Blazor components library. For use with ASP.NET Core Blazor applications
C#,daily,https://github.com/Ryujinx/Ryujinx,"33,286",Experimental Nintendo Switch Emulator written in C#
C#,daily,https://github.com/radzenhq/radzen-blazor,"3,310","Radzen Blazor is a set of 70+ free native Blazor UI components packed with DataGrid, Scheduler, Charts and robust theming including Material design and FluentUI."
C#,daily,https://github.com/Cysharp/UniTask,"7,597",Provides an efficient allocation free async/await integration for Unity.
C#,daily,https://github.com/ShareX/ShareX,"28,423","ShareX is a free and open source program that lets you capture or record any area of your screen and share it with a single press of a key. It also allows uploading images, text or other types of files to many supported destinations you can choose from."
C#,daily,https://github.com/OpenRA/OpenRA,"14,336","Open Source real-time strategy game engine for early Westwood games such as Command & Conquer: Red Alert written in C# using SDL and OpenGL. Runs on Windows, Linux, *BSD and Mac OS X."
C#,daily,https://github.com/dotnet/eShop,"4,605",A reference .NET application implementing an eCommerce site
C#,daily,https://github.com/ScottPlot/ScottPlot,"4,840",Interactive plotting library for .NET
C#,daily,https://github.com/microsoft/kiota,"2,428",OpenAPI based HTTP Client code generator
C#,daily,https://github.com/fullstackhero/dotnet-starter-kit,"4,373","Production Grade Cloud-Ready .NET 8 Starter Kit (Web API + Blazor Client) with Multitenancy Support, and Clean/Modular Architecture that saves roughly 200+ Development Hours! All Batteries Included."
C#,daily,https://github.com/Azure/azure-sdk-for-net,"5,128",This repository is for active development of the Azure SDK for .NET. For consumers of the SDK we recommend visiting our public developer docs athttps://learn.microsoft.com/dotnet/azure/or our versioned developer docs athttps://azure.github.io/azure-sdk-for-net.
C#,daily,https://github.com/dotnet/roslyn,"18,690",The Roslyn .NET compiler provides C# and Visual Basic languages with rich code analysis APIs.
C#,daily,https://github.com/dotnet/aspire,"3,345","An opinionated, cloud ready stack for building observable, production ready, distributed applications in .NET"
C#,daily,https://github.com/dotnet/maui-samples,"2,958",Samples for .NET Multi-Platform App UI (.NET MAUI)
C#,daily,https://github.com/YSGStudyHards/DotNetGuide,"5,641",ğŸŒˆã€C#/.NET/.NET Coreå­¦ä¹ ã€å·¥ä½œã€é¢è¯•æŒ‡å—ã€‘è®°å½•ã€æ”¶é›†å’Œæ€»ç»“C#/.NET/.NET CoreåŸºç¡€çŸ¥è¯†ã€å­¦ä¹ è·¯çº¿ã€å¼€å‘å®æˆ˜ã€ç¼–ç¨‹æŠ€å·§ç»ƒä¹ ã€å­¦ä¹ è§†é¢‘ã€æ–‡ç« ã€ä¹¦ç±ã€é¡¹ç›®æ¡†æ¶ã€ç¤¾åŒºç»„ç»‡ã€å¼€å‘å¿…å¤‡å·¥å…·ã€å¸¸è§é¢è¯•é¢˜ã€é¢è¯•é¡»çŸ¥ã€ç®€å†æ¨¡æ¿ã€ä»¥åŠè‡ªå·±åœ¨å­¦ä¹ å’Œå·¥ä½œä¸­çš„ä¸€äº›å¾®è–„è§è§£ã€‚å¸Œæœ›èƒ½å’Œå¤§å®¶ä¸€èµ·å­¦ä¹ ï¼Œå…±åŒè¿›æ­¥ã€‚å¦‚æœæœ¬çŸ¥è¯†åº“èƒ½ä¸ºæ‚¨æä¾›å¸®åŠ©ï¼Œåˆ«å¿˜äº†ç»™äºˆæ”¯æŒå“¦(å…³æ³¨ã€ç‚¹èµã€åˆ†äº«)ğŸ’–ã€‚
C#,daily,https://github.com/BeyondDimension/SteamTools,"18,710",ğŸ› ã€ŒWatt Toolkitã€æ˜¯ä¸€ä¸ªå¼€æºè·¨å¹³å°çš„å¤šåŠŸèƒ½ Steam å·¥å…·ç®±ã€‚
C#,weekly,https://github.com/dotnet/runtime,"14,516",".NET is a cross-platform runtime for cloud, mobile, desktop, and IoT apps."
C#,weekly,https://github.com/wmjordan/PDFPatcher,"8,836",PDFè¡¥ä¸ä¸â€”â€”PDFå·¥å…·ç®±ï¼Œå¯ä»¥ç¼–è¾‘ä¹¦ç­¾ã€å‰ªè£æ—‹è½¬é¡µé¢ã€è§£é™¤é™åˆ¶ã€æå–æˆ–åˆå¹¶æ–‡æ¡£ï¼Œæ¢æŸ¥æ–‡æ¡£ç»“æ„ï¼Œæå–å›¾ç‰‡ã€è½¬æˆå›¾ç‰‡ç­‰ç­‰
C#,weekly,https://github.com/QuantConnect/Lean,"8,918","Lean Algorithmic Trading Engine by QuantConnect (Python, C#)"
C#,weekly,https://github.com/bitwarden/server,"14,680","Bitwarden infrastructure/backend (API, database, Docker, etc)."
C#,weekly,https://github.com/jellyfin/jellyfin,"31,625",The Free Software Media System
C#,weekly,https://github.com/Tyrrrz/YoutubeDownloader,"7,155",Downloads videos and playlists from YouTube
C#,weekly,https://github.com/Babyhamsta/Aimmy,722,Universal Second Eye for Gamers with Impairments (Universal AI Aim Aligner - ONNX/YOLOv8 - C#)
C#,weekly,https://github.com/BornToBeRoot/NETworkManager,"5,629",A powerful tool for managing networks and troubleshoot network problems!
C#,weekly,https://github.com/nilaoda/N_m3u8DL-RE,"3,835","Cross-Platform, modern and powerful stream downloader for MPD/M3U8/ISM. English/ç®€ä½“ä¸­æ–‡/ç¹é«”ä¸­æ–‡."
C#,weekly,https://github.com/MudBlazor/MudBlazor,"7,463",Blazor Component Library based on Material design with an emphasis on ease of use. Mainly written in C# with Javascript kept to a bare minimum it empowers .NET developers to easily debug it if needed.
C#,weekly,https://github.com/microsoft/devhome,"3,456",The new Dev Home experience for Windows!
C#,weekly,https://github.com/lepoco/wpfui,"6,987","WPF UI provides the Fluent experience in your known and loved WPF framework. Intuitive design, themes, navigation and new immersive controls. All natively and effortlessly."
C#,weekly,https://github.com/shaked6540/YoutubePlaylistDownloader,"1,228","A tool to download whole playlists, channels or single videos from youtube and also optionally convert them to almost any format you would like"
C#,weekly,https://github.com/marticliment/WingetUI,"10,128",WingetUI: The Graphical Interface for your package managers. Could be terribly described as a package manager manager to manage your package managers
C#,weekly,https://github.com/sourcegit-scm/sourcegit,586,Windows/macOS/Linux GUI client for GIT users
C#,weekly,https://github.com/CommunityToolkit/Maui,"2,129","The .NET MAUI Community Toolkit is a community-created library that contains .NET MAUI Extensions, Advanced UI/UX Controls, and Behaviors to help make your life as a .NET MAUI developer easier"
C#,weekly,https://github.com/abpframework/abp,"12,453","Open-source web application framework for ASP.NET Core! Offers an opinionated architecture to build enterprise software solutions with best practices on top of the .NET. Provides the fundamental infrastructure, cross-cutting-concern implementations, startup templates, application modules, UI themes, tooling and documentation."
C#,weekly,https://github.com/space-wizards/space-station-14,"2,106",A multiplayer game about paranoia and chaos on a space station. Remake of the cult-classic Space Station 13.
C#,monthly,https://github.com/2dust/v2rayN,"63,800","A GUI client for Windows, support Xray core and v2fly core and others"
C#,monthly,https://github.com/nomi-san/parsec-vdd,"1,570",âœ¨ Perfect 4K@240Hz Virtual Display
C#,monthly,https://github.com/AvaloniaUI/Avalonia,"24,503","Develop Desktop, Embedded, Mobile and WebAssembly apps with C# and XAML. The most popular .NET UI client technology"
C#,monthly,https://github.com/actions/runner,"4,640",The Runner for GitHub Actions ğŸš€
C#,monthly,https://github.com/microsoft/WinUI-Gallery,"2,639",This app demonstrates the controls available in WinUI and the Fluent Design System.
C#,monthly,https://github.com/PowerShell/PowerShell,"43,970",PowerShell for every system!
C#,monthly,https://github.com/srwi/EverythingToolbar,"8,296",Everything integration for the Windows taskbar.
C#,monthly,https://github.com/Klocman/Bulk-Crap-Uninstaller,"10,374",Remove large amounts of unwanted applications quickly.
C#,monthly,https://github.com/dotnet/aspire-samples,542,
C#,monthly,https://github.com/rocksdanister/lively,"14,296",Free and open-source software that allows users to set animated desktop wallpapers and screensavers powered by WinUI 3.
JS,daily,https://github.com/OpenZeppelin/openzeppelin-contracts,"24,430",OpenZeppelin Contracts is a library for secure smart contract development.
JS,daily,https://github.com/sampotts/plyr,"25,956","A simple HTML5, YouTube and Vimeo player"
JS,daily,https://github.com/plankanban/planka,"7,174",The realtime kanban board for workgroups built with React and Redux.
JS,daily,https://github.com/max32002/tixcraft_bot,"2,276",MaxBot open source code bot
JS,daily,https://github.com/ToolJet/ToolJet,"28,075","Low-code platform for building business applications. Connect to databases, cloud storages, GraphQL, API endpoints, Airtable, Google sheets, OpenAI, etc and build apps using drag and drop application builder. Built using JavaScript/TypeScript. ğŸš€"
JS,daily,https://github.com/timqian/chinese-independent-blogs,"19,236",ä¸­æ–‡ç‹¬ç«‹åšå®¢åˆ—è¡¨
JS,daily,https://github.com/pedroslopez/whatsapp-web.js,"14,131",A WhatsApp client library for NodeJS that connects through the WhatsApp Web browser app
JS,daily,https://github.com/badges/shields,"22,938","Concise, consistent, and legible badges in SVG and raster format"
JS,daily,https://github.com/smallfawn/QLScriptPublic,"1,771",é’é¾™é¢æ¿è„šæœ¬å…¬å…±ä»“åº“ æ–°ç¾¤ 551674817 å¯†ç 888 å…ƒæ¢¦ä¹‹æ˜Ÿ
JS,daily,https://github.com/SuhailTechInfo/Suhail-Md,"3,456","meet Suhail-Md, Your All-in-One WhatsApp Excitement Buddy! Enjoy a thrilling messaging experience like never before. Suhail-Md brings a world of excitement and joy to your chats âœ¨ğŸ¤–"
JS,daily,https://github.com/microsoft/monaco-editor,"38,973",A browser based code editor
JS,daily,https://github.com/adrianhajdin/project_3D_developer_portfolio,"5,403",The most impressive websites in the world use 3D graphics and animations to bring their content to life. Learn how to build your own ThreeJS 3D Developer Portfolio today!
JS,daily,https://github.com/tangly1024/NotionNext,"6,494","ä½¿ç”¨ NextJS + Notion API å®ç°çš„ï¼Œæ”¯æŒå¤šç§éƒ¨ç½²æ–¹æ¡ˆçš„é™æ€åšå®¢ï¼Œæ— éœ€æœåŠ¡å™¨ã€é›¶é—¨æ§›æ­å»ºç½‘ç«™ï¼Œä¸ºNotionå’Œæ‰€æœ‰åˆ›ä½œè€…è®¾è®¡ã€‚ (A static blog built with NextJS and Notion API, supporting multiple deployment options. No server required, zero threshold to set up a website. Designed for Notion and all creators.)"
JS,daily,https://github.com/sudheerj/reactjs-interview-questions,"37,737",List of top 500 ReactJS Interview Questions & Answers....Coding exercise questions are coming soon!!
JS,daily,https://github.com/vercel/next.js,"122,590",The React Framework
JS,daily,https://github.com/blueedgetechno/win11React,"8,953",Windows 11 in React ğŸ’»ğŸŒˆâš¡
JS,daily,https://github.com/amzn/style-dictionary,"3,724",A build system for creating cross-platform styles.
JS,daily,https://github.com/zloirock/core-js,"24,109",Standard Library
JS,daily,https://github.com/HumanSignal/label-studio,"17,249",Label Studio is a multi-type data labeling and annotation tool with standardized output format
JS,weekly,https://github.com/4ian/GDevelop,"7,324","ğŸ® Open-source, cross-platform game engine designed to be used by everyone."
JS,weekly,https://github.com/nodejs/node,"105,016",Node.js JavaScript runtime âœ¨ğŸ¢ğŸš€âœ¨
JS,weekly,https://github.com/OpenCTI-Platform/opencti,"5,119",Open Cyber Threat Intelligence Platform
JS,weekly,https://github.com/langflow-ai/langflow,"19,793","â›“ï¸ Langflow is a visual framework for building multi-agent and RAG applications. It's open-source, Python-powered, fully customizable, model and vector store agnostic."
JS,weekly,https://github.com/fchollet/ARC-AGI,"2,907",The Abstraction and Reasoning Corpus
JS,weekly,https://github.com/CesiumGS/cesium,"12,357",An open-source JavaScript library for world-class 3D globes and maps ğŸŒ
JS,weekly,https://github.com/pmndrs/drei,"7,785",ğŸ¥‰ useful helpers for react-three-fiber
JS,weekly,https://github.com/sveltejs/svelte,"77,385",Cybernetically enhanced web apps
JS,weekly,https://github.com/CodeWithHarry/Sigma-Web-Dev-Course,"4,878",Source Code for Sigma Web Development Course
JS,weekly,https://github.com/ciiiii/cloudflare-docker-proxy,809,A docker registry proxy run on cloudflare worker.
JS,weekly,https://github.com/Asabeneh/30-Days-Of-JavaScript,"41,616","30 days of JavaScript programming challenge is a step-by-step guide to learn JavaScript programming language in 30 days. This challenge may take more than 100 days, please just follow your own pace. These videos may help too:https://www.youtube.com/channel/UC7PNRuno1rzYPb1xLa4yktw"
JS,weekly,https://github.com/liriliri/eruda,"18,021",Console for mobile browsers
JS,weekly,https://github.com/node-red/node-red,"18,965",Low-code programming for event-driven applications
JS,monthly,https://github.com/iptv-org/iptv,"80,746",Collection of publicly available IPTV channels from all over the world
JS,monthly,https://github.com/gchq/CyberChef,"27,146","The Cyber Swiss Army Knife - a web app for encryption, encoding, compression and data analysis"
JS,monthly,https://github.com/bigskysoftware/htmx,"35,005",</> htmx - high power tools for HTML
JS,monthly,https://github.com/blackmatrix7/ios_rule_script,"16,207",åˆ†æµè§„åˆ™ã€é‡å†™å†™è§„åˆ™åŠè„šæœ¬ã€‚
JS,monthly,https://github.com/ltdrdata/ComfyUI-Manager,"4,505","ComfyUI-Manager is an extension designed to enhance the usability of ComfyUI. It offers management functions to install, remove, disable, and enable various custom nodes of ComfyUI. Furthermore, this extension provides a hub feature and convenience functions to access a wide range of information within ComfyUI."
JS,monthly,https://github.com/LeCoupa/awesome-cheatsheets,"38,364","ğŸ‘©â€ğŸ’»ğŸ‘¨â€ğŸ’» Awesome cheatsheets for popular programming languages, frameworks and development tools. They include everything you should know in one single file."
JS,monthly,https://github.com/gorhill/uBlock,"44,389",uBlock Origin - An efficient blocker for Chromium and Firefox. Fast and lean.
JS,monthly,https://github.com/simple-icons/simple-icons,"18,601",SVG icons for popular brands
JS,monthly,https://github.com/TheRealJoelmatic/RemoveAdblockThing,"5,886","The intrusive ""Ad blocker are not allowed on YouTube"" message is annoying. This open-source project aims to address this issue by providing a solution to bypass YouTube's ad blocker detection"
JS,monthly,https://github.com/sveltejs/kit,"18,076","web development, streamlined"
JS,monthly,https://github.com/UnblockNeteaseMusic/server,"5,922",Revive unavailable songs for Netease Cloud Music (Refactored & Enhanced version)
JS,monthly,https://github.com/projectdiscovery/nuclei-templates,"8,400",Community curated list of templates for the nuclei engine to find security vulnerabilities.
JS,monthly,https://github.com/Neet-Nestor/Telegram-Media-Downloader,"1,025",A script allowing you to download images and videos from Telegram web even if the group restricts downloading.
JS,monthly,https://github.com/poteto/hiring-without-whiteboards,"42,818",â­ï¸ Companies that don't have a broken hiring process
JS,monthly,https://github.com/DataDog/documentation,417,The source for Datadog's documentation site.
Java,daily,https://github.com/real-logic/aeron,"7,146","Efficient reliable UDP unicast, UDP multicast, and IPC message transport"
Java,daily,https://github.com/spring-projects/spring-ai,"2,467",An Application Framework for AI Engineering
Java,daily,https://github.com/Stirling-Tools/Stirling-PDF,"29,419",#1 Locally hosted web application that allows you to perform various operations on PDF files
Java,daily,https://github.com/kekingcn/kkFileView,"10,175",Universal File Online Preview Project based on Spring-Boot
Java,daily,https://github.com/trinodb/trino,"9,832","Official repository of Trino, the distributed SQL query engine for big data, formerly known as PrestoSQL (https://trino.io)"
Java,daily,https://github.com/OpenAPITools/openapi-generator,"20,515","OpenAPI Generator allows generation of API client libraries (SDK generation), server stubs, documentation and configuration automatically given an OpenAPI Spec (v2, v3)"
Java,daily,https://github.com/quarkusio/quarkus,"13,340",Quarkus: Supersonic Subatomic Java.
Java,daily,https://github.com/kdn251/interviews,"62,642",Everything you need to know to get the job.
Java,daily,https://github.com/ReactiveX/RxJava,"47,756",RxJava â€“ Reactive Extensions for the JVM â€“ a library for composing asynchronous and event-based programs using observable sequences for the Java VM.
Java,daily,https://github.com/libgdx/libgdx,"22,925",Desktop/Android/HTML5/iOS Java game development framework
Java,daily,https://github.com/apache/flink-cdc,"5,448",Flink CDC is a streaming data integration tool
Java,daily,https://github.com/mybatis/mybatis-3,"19,530",MyBatis SQL mapper framework for Java
Java,daily,https://github.com/alibaba/DataX,"15,435",DataXæ˜¯é˜¿é‡Œäº‘DataWorksæ•°æ®é›†æˆçš„å¼€æºç‰ˆæœ¬ã€‚
Java,daily,https://github.com/GoogleCloudPlatform/spring-cloud-gcp,394,New home for Spring Cloud GCP development starting with version 2.0.
Java,daily,https://github.com/awsdocs/aws-doc-sdk-examples,"9,148","Welcome to the AWS Code Examples Repository. This repo contains code examples used in the AWS documentation, AWS SDK Developer Guides, and more. For more information, see the Readme.md file below."
Java,daily,https://github.com/grpc/grpc-java,"11,245",The Java gRPC implementation. HTTP/2 based RPC
Java,daily,https://github.com/halo-dev/halo,"32,397",å¼ºå¤§æ˜“ç”¨çš„å¼€æºå»ºç«™å·¥å…·ã€‚
Java,daily,https://github.com/xuxueli/xxl-job,"26,919",A distributed task scheduling framework.ï¼ˆåˆ†å¸ƒå¼ä»»åŠ¡è°ƒåº¦å¹³å°XXL-JOBï¼‰
Java,daily,https://github.com/DataDog/dd-trace-java,549,Datadog APM client for Java
Java,daily,https://github.com/itwanger/toBeBetterJavaer,"12,405",ä¸€ä»½é€šä¿—æ˜“æ‡‚ã€é£è¶£å¹½é»˜çš„Javaå­¦ä¹ æŒ‡å—ï¼Œå†…å®¹æ¶µç›–JavaåŸºç¡€ã€Javaå¹¶å‘ç¼–ç¨‹ã€Javaè™šæ‹Ÿæœºã€Javaä¼ä¸šçº§å¼€å‘ã€Javaé¢è¯•ç­‰æ ¸å¿ƒçŸ¥è¯†ç‚¹ã€‚å­¦Javaï¼Œå°±è®¤å‡†äºŒå“¥çš„Javaè¿›é˜¶ä¹‹è·¯ğŸ˜„
Java,weekly,https://github.com/TeamNewPipe/NewPipe,"29,395",A libre lightweight streaming front-end for Android.
Java,weekly,https://github.com/krahets/hello-algo,"79,060","ã€ŠHello ç®—æ³•ã€‹ï¼šåŠ¨ç”»å›¾è§£ã€ä¸€é”®è¿è¡Œçš„æ•°æ®ç»“æ„ä¸ç®—æ³•æ•™ç¨‹ã€‚æ”¯æŒ Python, Java, C++, C, C#, JS, Go, Swift, Rust, Ruby, Kotlin, TS, Dart ä»£ç ã€‚ç®€ä½“ç‰ˆå’Œç¹ä½“ç‰ˆåŒæ­¥æ›´æ–°ï¼ŒEnglish version ongoing"
Java,weekly,https://github.com/dataease/dataease,"16,188",ğŸ”¥ äººäººå¯ç”¨çš„å¼€æºæ•°æ®å¯è§†åŒ–åˆ†æå·¥å…·ï¼Œå¸†è½¯ã€Tableau ç­‰å•†ä¸š BI å·¥å…·çš„å¼€æºæ›¿ä»£ã€‚
Java,weekly,https://github.com/spring-projects/spring-boot,"73,529",Spring Boot
Java,weekly,https://github.com/kunal-kushwaha/DSA-Bootcamp-Java,"15,912","This repository consists of the code samples, assignments, and notes for the Java data structures & algorithms + interview preparation bootcamp of WeMakeDevs."
Java,weekly,https://github.com/apache/iceberg,"5,846",Apache Iceberg
Java,weekly,https://github.com/MeteorDevelopment/meteor-client,"1,971",Based Minecraft utility mod.
Java,weekly,https://github.com/jeecgboot/JeecgBoot,"38,403",ğŸ”¥ã€Œä¼ä¸šçº§ä½ä»£ç å¹³å°ã€å‰åç«¯åˆ†ç¦»æ¶æ„SpringBoot 2.x/3.xï¼ŒSpringCloudï¼ŒAnt Design&Vue3ï¼ŒMybatisï¼ŒShiroï¼ŒJWTã€‚å¼ºå¤§çš„ä»£ç ç”Ÿæˆå™¨è®©å‰åç«¯ä»£ç ä¸€é”®ç”Ÿæˆï¼Œæ— éœ€å†™ä»»ä½•ä»£ç ! å¼•é¢†æ–°çš„å¼€å‘æ¨¡å¼OnlineCoding->ä»£ç ç”Ÿæˆ->æ‰‹å·¥MERGEï¼Œå¸®åŠ©Javaé¡¹ç›®è§£å†³70%é‡å¤å·¥ä½œï¼Œè®©å¼€å‘æ›´å…³æ³¨ä¸šåŠ¡ï¼Œæ—¢èƒ½å¿«é€Ÿæé«˜æ•ˆç‡ï¼Œå¸®åŠ©å…¬å¸èŠ‚çœæˆæœ¬ï¼ŒåŒæ—¶åˆä¸å¤±çµæ´»æ€§ã€‚
Java,weekly,https://github.com/runelite/runelite,"4,661",Open source Old School RuneScape client
Java,weekly,https://github.com/microg/GmsCore,"7,463",Free implementation of Play Services
Java,weekly,https://github.com/gunnarmorling/1brc,"5,575",1ï¸âƒ£ğŸğŸï¸ The One Billion Row Challenge -- A fun exploration of how quickly 1B rows from a text file can be aggregated with Java
Java,weekly,https://github.com/elastic/elasticsearch,"68,497","Free and Open, Distributed, RESTful Search Engine"
Java,weekly,https://github.com/alibaba/spring-cloud-alibaba,"27,556",Spring Cloud Alibaba provides a one-stop solution for application development for the distributed solutions of Alibaba middleware.
Java,weekly,https://github.com/LawnchairLauncher/lawnchair,"8,807",No clever tagline needed.
Java,weekly,https://github.com/mywalkb/LSPosed_mod,"1,988",My changes to LSPosed
Java,weekly,https://github.com/apple/pkl,"9,829",A configuration as code language with rich validation and tooling.
Java,weekly,https://github.com/keycloak/keycloak,"20,849",Open Source Identity and Access Management For Modern Applications and Services
Java,weekly,https://github.com/alibaba/COLA,"11,541",ğŸ¥¤ COLA: Clean Object-oriented & Layered Architecture
Java,monthly,https://github.com/PaperMC/Paper,"9,335","The most widely used, high performance Minecraft server that aims to fix gameplay and mechanics inconsistencies"
Java,monthly,https://github.com/PojavLauncherTeam/PojavLauncher,"6,066",A Minecraft: Java Edition Launcher for Android and iOS based on Boardwalk. This repository contains source code for Android platform.
Java,monthly,https://github.com/termux/termux-app,"32,753",Termux - a terminal emulator application for Android OS extendible by variety of packages.
Java,monthly,https://github.com/GeyserMC/Geyser,"4,579",A bridge/proxy allowing you to connect to Minecraft: Java Edition servers with Minecraft: Bedrock Edition.
Java,monthly,https://github.com/flyway/flyway,"7,909",Flyway by Redgate â€¢ Database Migrations Made Easy.
Java,monthly,https://github.com/cabaletta/baritone,"6,839",google maps for block game
Java,monthly,https://github.com/TheAlgorithms/Java,"57,536",All Algorithms implemented in Java
Java,monthly,https://github.com/thingsboard/thingsboard,"16,103","Open-source IoT Platform - Device management, data collection, processing and visualization."
Java,monthly,https://github.com/datastrato/gravitino,654,"World's most powerful open data catalog for building a high-performance, geo-distributed and federated metadata lake."
Java,monthly,https://github.com/prestodb/presto,"15,739",The official home of the Presto distributed SQL query engine for big data
Java,monthly,https://github.com/IzzelAliz/Arclight,"1,420",A Bukkit(1.19/1.20) server implementation in modding environment using Mixin. âš¡
Java,monthly,https://github.com/LSPosed/LSPatch,"6,309",LSPatch: A non-root Xposed framework extending from LSPosed
Java,monthly,https://github.com/FabricMC/fabric-example-mod,"1,557",Example Fabric mod
Java,monthly,https://github.com/alibaba/fastjson2,"3,548",ğŸš„ FASTJSON2 is a Java JSON library with excellent performance.
Java,monthly,https://github.com/openjdk/jdk,"18,863",JDK main-line developmenthttps://openjdk.org/projects/jdk
Java,monthly,https://github.com/apereo/cas,"10,759",Apereo CAS - Identity & Single Sign On for all earthlings and beyond.
